url,pageType,httpStatus,canonical,robotsStatus,title,h1,bodyWordCount,internalIncomingLinkCount,activeOfferCount,articleSimilarityScore,serverRendered,inSitemap,classification,recommendation
https://dealkhaleej.com/,home,200,https://dealkhaleej.com/,indexable,Coupon Codes and Deals Across the GCC | DealKhaleej,Verified Coupon Codes &amp; Deals for GCC Shoppers,621,1578,,,true,true,A,Strong crawl target with useful content and/or active commercial intent.
https://dealkhaleej.com/blog,blog-index,200,https://dealkhaleej.com/blog,indexable,GCC Coupon Guides and Shopping Tips | DealKhaleej,DealKhaleej Blog,178,691,,,false,true,A,Strong crawl target with useful content and/or active commercial intent.
https://dealkhaleej.com/about,static,200,https://dealkhaleej.com/about,indexable,About DealKhaleej | Saudi Coupon Codes and Deals,Helping Saudi shoppers find useful checkout savings.,261,5,,,true,true,B,"Useful page, but needs stronger unique content, clearer intent, or more internal support before sitemap priority."
https://dealkhaleej.com/contact,static,200,https://dealkhaleej.com/contact,indexable,Contact DealKhaleej | Coupon Support and Partnerships,"Questions, corrections, and merchant updates.",234,5,,,true,true,B,"Useful page, but needs stronger unique content, clearer intent, or more internal support before sitemap priority."
https://dealkhaleej.com/privacy-policy,static,200,https://dealkhaleej.com/privacy-policy,indexable,Privacy Policy | DealKhaleej,How DealKhaleej handles visitor information.,305,5,,,true,true,B,"Useful page, but needs stronger unique content, clearer intent, or more internal support before sitemap priority."
https://dealkhaleej.com/terms,static,200,https://dealkhaleej.com/terms,indexable,Terms of Use | DealKhaleej,Terms for using DealKhaleej.,314,5,,,true,true,B,"Useful page, but needs stronger unique content, clearer intent, or more internal support before sitemap priority."
https://dealkhaleej.com/affiliate-disclosure,static,200,https://dealkhaleej.com/affiliate-disclosure,indexable,Affiliate Disclosure | DealKhaleej,Some links may earn DealKhaleej a commission.,278,6,,,true,true,B,"Useful page, but needs stronger unique content, clearer intent, or more internal support before sitemap priority."
https://dealkhaleej.com/stores,stores-directory,200,https://dealkhaleej.com/stores,indexable,DealKhaleej Stores Directory | GCC Coupon Stores,DealKhaleej stores,1279,2,,,true,true,A,Strong crawl target with useful content and/or active commercial intent.
https://dealkhaleej.com/coupons,coupons-directory,200,https://dealkhaleej.com/coupons,indexable,Active GCC Coupon Codes and Offers | DealKhaleej,GCC coupon pages,1803,2,,,true,true,A,Strong crawl target with useful content and/or active commercial intent.
https://dealkhaleej.com/travel,travel,200,https://dealkhaleej.com/travel,indexable,Travel Deals for GCC Travelers | DealKhaleej,Travel deals for GCC shoppers.,283,329,,,true,true,B,"Useful page, but needs stronger unique content, clearer intent, or more internal support before sitemap priority."
https://dealkhaleej.com/travel/hotels,travel,200,https://dealkhaleej.com/travel/hotels,indexable,Hotel Deals for GCC Travelers | DealKhaleej,Hotel offers for GCC trips.,235,56,,,true,true,B,"Useful page, but needs stronger unique content, clearer intent, or more internal support before sitemap priority."
https://dealkhaleej.com/travel/flights,travel,200,https://dealkhaleej.com/travel/flights,indexable,Flight Search and Cheap Flight Deals | DealKhaleej,Flight search tools for GCC travelers.,140,71,,,true,true,B,"Useful page, but needs stronger unique content, clearer intent, or more internal support before sitemap priority."
https://dealkhaleej.com/travel/flights/riyadh-to-dubai,travel,200,https://dealkhaleej.com/travel/flights/riyadh-to-dubai,indexable,Riyadh to Dubai Cheap Flights | DealKhaleej,Riyadh to Dubai Cheap Flights,145,6,,,true,true,B,"Useful page, but needs stronger unique content, clearer intent, or more internal support before sitemap priority."
https://dealkhaleej.com/travel/flights/riyadh-to-bangkok,travel,200,https://dealkhaleej.com/travel/flights/riyadh-to-bangkok,indexable,Riyadh to Bangkok Cheap Flights | DealKhaleej,Riyadh to Bangkok Cheap Flights,144,6,,,true,true,B,"Useful page, but needs stronger unique content, clearer intent, or more internal support before sitemap priority."
https://dealkhaleej.com/travel/flights/dammam,travel,200,https://dealkhaleej.com/travel/flights/dammam,indexable,Cheap Flights From Dammam | DealKhaleej,Cheap Flights From Dammam,90,6,,,true,true,B,"Useful page, but needs stronger unique content, clearer intent, or more internal support before sitemap priority."
https://dealkhaleej.com/travel/flights/map,travel,200,https://dealkhaleej.com/travel/flights/map,indexable,Explore Flight Prices on Map | DealKhaleej,Explore Flight Prices on Map,77,6,,,true,true,B,"Useful page, but needs stronger unique content, clearer intent, or more internal support before sitemap priority."
https://dealkhaleej.com/travel/flights/deals,travel,200,https://dealkhaleej.com/travel/flights/deals,indexable,Latest Flight Deals | DealKhaleej,Latest Flight Deals,74,6,,,true,true,B,"Useful page, but needs stronger unique content, clearer intent, or more internal support before sitemap priority."
https://dealkhaleej.com/travel/car-rentals,travel,200,https://dealkhaleej.com/travel/car-rentals,indexable,Car Rental Deals for GCC Travelers | DealKhaleej,Mobility deals for GCC trips.,232,5,,,true,true,B,"Useful page, but needs stronger unique content, clearer intent, or more internal support before sitemap priority."
https://dealkhaleej.com/travel/activities,travel,200,https://dealkhaleej.com/travel/activities,indexable,Tours &amp; Activities Deals for GCC Travelers | DealKhaleej,Tours &amp; Activities Deals for GCC Travelers,130,18,,,true,true,B,"Useful page, but needs stronger unique content, clearer intent, or more internal support before sitemap priority."
https://dealkhaleej.com/travel/activities/riyadh,travel,200,https://dealkhaleej.com/travel/activities/riyadh,indexable,Best Tours &amp; Activities in Riyadh | DealKhaleej,Best Tours &amp; Activities in Riyadh,77,5,,,true,true,B,"Useful page, but needs stronger unique content, clearer intent, or more internal support before sitemap priority."
https://dealkhaleej.com/travel/activities/transfers,travel,200,https://dealkhaleej.com/travel/activities/transfers,indexable,Airport Transfers &amp; Private Transfers in Saudi Arabia | DealKhaleej,Airport Transfers &amp; Private Transfers in Saudi Arabia,85,5,,,true,true,B,"Useful page, but needs stronger unique content, clearer intent, or more internal support before sitemap priority."
https://dealkhaleej.com/travel/activities/airport-transfers-jeddah,travel,200,https://dealkhaleej.com/travel/activities/airport-transfers-jeddah,indexable,Jeddah Airport Transfers | DealKhaleej,Jeddah Airport Transfers,66,5,,,true,true,B,"Useful page, but needs stronger unique content, clearer intent, or more internal support before sitemap priority."
https://dealkhaleej.com/travel/activities/deals,travel,200,https://dealkhaleej.com/travel/activities/deals,indexable,Latest Tour &amp; Activity Deals | DealKhaleej,Latest Tour &amp; Activity Deals,87,5,,,true,true,B,"Useful page, but needs stronger unique content, clearer intent, or more internal support before sitemap priority."
https://dealkhaleej.com/travel/esim,travel,200,https://dealkhaleej.com/travel/esim,indexable,Travel eSIM Deals for GCC Travelers | DealKhaleej,Connectivity deals for GCC travelers.,241,5,,,true,true,B,"Useful page, but needs stronger unique content, clearer intent, or more internal support before sitemap priority."
https://dealkhaleej.com/store/noon,store,200,https://dealkhaleej.com/store/noon,indexable,Noon Coupon Codes and Deals for GCC Shoppers | DealKhaleej,"Noon Coupons, Deals and Offers for GCC Shoppers - 2026",979,179,1,,true,true,A,Strong crawl target with useful content and/or active commercial intent.
https://dealkhaleej.com/store/ubuy,store,200,https://dealkhaleej.com/store/ubuy,indexable,UBUY Coupon Codes and Deals for GCC Shoppers | DealKhaleej,"UBUY Coupons, Deals and Offers for GCC Shoppers - 2026",992,86,1,,true,true,A,Strong crawl target with useful content and/or active commercial intent.
https://dealkhaleej.com/store/mamas-papas,store,200,https://dealkhaleej.com/store/mamas-papas,indexable,Mamas &amp; Papas Coupon Codes and Deals for GCC Shoppers | DealKhaleej,"Mamas &amp; Papas Coupons, Deals and Offers for GCC Shoppers - 2026",1010,21,1,,true,true,A,Strong crawl target with useful content and/or active commercial intent.
https://dealkhaleej.com/store/mumzworld,store,200,https://dealkhaleej.com/store/mumzworld,indexable,Mumzworld Coupon Codes and Deals for GCC Shoppers | DealKhaleej,"Mumzworld Coupons, Deals and Offers for GCC Shoppers - 2026",1004,21,1,,true,true,A,Strong crawl target with useful content and/or active commercial intent.
https://dealkhaleej.com/store/the-entertainer,store,200,https://dealkhaleej.com/store/the-entertainer,indexable,The Entertainer Coupon Codes and Deals for GCC Shoppers | DealKhaleej,"The Entertainer Coupons, Deals and Offers for GCC Shoppers - 2026",979,16,1,,true,true,A,Strong crawl target with useful content and/or active commercial intent.
https://dealkhaleej.com/store/fashion-sa,store,200,https://dealkhaleej.com/store/fashion-sa,indexable,Fashion.sa Coupon Codes and Deals for GCC Shoppers | DealKhaleej,"Fashion.sa Coupons, Deals and Offers for GCC Shoppers - 2026",953,53,1,,true,true,A,Strong crawl target with useful content and/or active commercial intent.
https://dealkhaleej.com/store/yola,store,200,https://dealkhaleej.com/store/yola,indexable,Yola Coupon Codes and Deals for GCC Shoppers | DealKhaleej,"Yola Coupons, Deals and Offers for GCC Shoppers - 2026",925,17,1,,true,true,A,Strong crawl target with useful content and/or active commercial intent.
https://dealkhaleej.com/store/noon-now-now-uae-ksa,store,200,https://dealkhaleej.com/store/noon-now-now-uae-ksa,indexable,Noon Now Now UAE KSA Coupon Codes and Deals for GCC Shoppers | DealKhaleej,"Noon Now Now UAE KSA Coupons, Deals and Offers for GCC Shoppers - 2026",826,8,1,,true,true,A,Strong crawl target with useful content and/or active commercial intent.
https://dealkhaleej.com/store/delicut,store,200,https://dealkhaleej.com/store/delicut,indexable,Delicut Coupon Codes and Deals for GCC Shoppers | DealKhaleej,"Delicut Coupons, Deals and Offers for GCC Shoppers - 2026",770,8,1,,true,true,A,Strong crawl target with useful content and/or active commercial intent.
https://dealkhaleej.com/store/muji,store,200,https://dealkhaleej.com/store/muji,indexable,Muji Coupon Codes and Deals for GCC Shoppers | DealKhaleej,"Muji Coupons, Deals and Offers for GCC Shoppers - 2026",961,21,1,,true,true,A,Strong crawl target with useful content and/or active commercial intent.
https://dealkhaleej.com/store/spring,store,200,https://dealkhaleej.com/store/spring,indexable,Spring Coupon Codes and Deals for GCC Shoppers | DealKhaleej,"Spring Coupons, Deals and Offers for GCC Shoppers - 2026",896,15,0,,true,true,C,Store page has no active offers; remove temporarily from sitemap.
https://dealkhaleej.com/store/metro-brazil,store,200,https://dealkhaleej.com/store/metro-brazil,indexable,Metro Brazil Coupon Codes and Deals for GCC Shoppers | DealKhaleej,"Metro Brazil Coupons, Deals and Offers for GCC Shoppers - 2026",976,37,1,,true,true,A,Strong crawl target with useful content and/or active commercial intent.
https://dealkhaleej.com/store/renty,store,200,https://dealkhaleej.com/store/renty,indexable,Renty Coupon Codes and Deals for GCC Shoppers | DealKhaleej,"Renty Coupons, Deals and Offers for GCC Shoppers - 2026",928,13,2,,true,true,A,Strong crawl target with useful content and/or active commercial intent.
https://dealkhaleej.com/store/yallamomz,store,200,https://dealkhaleej.com/store/yallamomz,indexable,Yallamomz Coupon Codes and Deals for GCC Shoppers | DealKhaleej,"Yallamomz Coupons, Deals and Offers for GCC Shoppers - 2026",973,21,1,,true,true,A,Strong crawl target with useful content and/or active commercial intent.
https://dealkhaleej.com/store/al-matar,store,200,https://dealkhaleej.com/store/al-matar,indexable,Al Matar Coupon Codes and Deals for GCC Shoppers | DealKhaleej,"Al Matar Coupons, Deals and Offers for GCC Shoppers - 2026",942,58,0,,true,true,C,Store page has no active offers; remove temporarily from sitemap.
https://dealkhaleej.com/store/homzmart,store,200,https://dealkhaleej.com/store/homzmart,indexable,Homzmart Coupon Codes and Deals for GCC Shoppers | DealKhaleej,"Homzmart Coupons, Deals and Offers for GCC Shoppers - 2026",931,16,0,,true,true,C,Store page has no active offers; remove temporarily from sitemap.
https://dealkhaleej.com/store/samsung-uae,store,200,https://dealkhaleej.com/store/samsung-uae,indexable,Samsung UAE Coupon Codes and Deals for GCC Shoppers | DealKhaleej,"Samsung UAE Coupons, Deals and Offers for GCC Shoppers - 2026",977,15,1,,true,true,A,Strong crawl target with useful content and/or active commercial intent.
https://dealkhaleej.com/store/samsung-ksa,store,200,https://dealkhaleej.com/store/samsung-ksa,indexable,Samsung KSA Coupon Codes and Deals for GCC Shoppers | DealKhaleej,"Samsung KSA Coupons, Deals and Offers for GCC Shoppers - 2026",972,14,1,,true,true,A,Strong crawl target with useful content and/or active commercial intent.
https://dealkhaleej.com/store/now-now-uae,store,200,https://dealkhaleej.com/store/now-now-uae,indexable,Now Now UAE Coupon Codes and Deals for GCC Shoppers | DealKhaleej,"Now Now UAE Coupons, Deals and Offers for GCC Shoppers - 2026",752,6,0,,true,true,C,Store page has no active offers; remove temporarily from sitemap.
https://dealkhaleej.com/store/vrbo-global,store,200,https://dealkhaleej.com/store/vrbo-global,indexable,VRBO Global Coupon Codes and Deals for GCC Shoppers | DealKhaleej,"VRBO Global Coupons, Deals and Offers for GCC Shoppers - 2026",940,14,0,,true,true,C,Store page has no active offers; remove temporarily from sitemap.
https://dealkhaleej.com/store/ihg-amea-global,store,200,https://dealkhaleej.com/store/ihg-amea-global,indexable,IHG AMEA Global Coupon Codes and Deals for GCC Shoppers | DealKhaleej,"IHG AMEA Global Coupons, Deals and Offers for GCC Shoppers - 2026",950,4,0,,true,true,C,Store page has no active offers; remove temporarily from sitemap.
https://dealkhaleej.com/store/nice-sa,store,200,https://dealkhaleej.com/store/nice-sa,indexable,Nice SA Coupon Codes and Deals for GCC Shoppers | DealKhaleej,"Nice SA Coupons, Deals and Offers for GCC Shoppers - 2026",893,12,0,,true,true,C,Store page has no active offers; remove temporarily from sitemap.
https://dealkhaleej.com/store/natural-sa,store,200,https://dealkhaleej.com/store/natural-sa,indexable,Natural SA Coupon Codes and Deals for GCC Shoppers | DealKhaleej,"Natural SA Coupons, Deals and Offers for GCC Shoppers - 2026",893,24,0,,true,true,C,Store page has no active offers; remove temporarily from sitemap.
https://dealkhaleej.com/store/revibe-gcc,store,200,https://dealkhaleej.com/store/revibe-gcc,indexable,Revibe GCC Coupon Codes and Deals for GCC Shoppers | DealKhaleej,"Revibe GCC Coupons, Deals and Offers for GCC Shoppers - 2026",955,7,1,,true,true,A,Strong crawl target with useful content and/or active commercial intent.
https://dealkhaleej.com/store/ysl-beauty-sa,store,200,https://dealkhaleej.com/store/ysl-beauty-sa,indexable,YSL Beauty SA Coupon Codes and Deals for GCC Shoppers | DealKhaleej,"YSL Beauty SA Coupons, Deals and Offers for GCC Shoppers - 2026",1010,14,1,,true,true,A,Strong crawl target with useful content and/or active commercial intent.
https://dealkhaleej.com/store/puma,store,200,https://dealkhaleej.com/store/puma,indexable,PUMA Coupon Codes and Deals for GCC Shoppers | DealKhaleej,"PUMA Coupons, Deals and Offers for GCC Shoppers - 2026",981,43,1,,true,true,A,Strong crawl target with useful content and/or active commercial intent.
https://dealkhaleej.com/store/rove-hotels-global,store,200,https://dealkhaleej.com/store/rove-hotels-global,indexable,Rove Hotels Global Coupon Codes and Deals for GCC Shoppers | DealKhaleej,"Rove Hotels Global Coupons, Deals and Offers for GCC Shoppers - 2026",950,36,0,,true,true,C,Store page has no active offers; remove temporarily from sitemap.
https://dealkhaleej.com/store/yas-island-global,store,200,https://dealkhaleej.com/store/yas-island-global,indexable,Yas Island Global Coupon Codes and Deals for GCC Shoppers | DealKhaleej,"Yas Island Global Coupons, Deals and Offers for GCC Shoppers - 2026",970,18,0,,true,true,C,Store page has no active offers; remove temporarily from sitemap.
https://dealkhaleej.com/store/warner-bros-abu-dhabi,store,200,https://dealkhaleej.com/store/warner-bros-abu-dhabi,indexable,Warner Bros Abu Dhabi Coupon Codes and Deals for GCC Shoppers | DealKhaleej,"Warner Bros Abu Dhabi Coupons, Deals and Offers for GCC Shoppers - 2026",979,18,0,,true,true,C,Store page has no active offers; remove temporarily from sitemap.
https://dealkhaleej.com/store/gocity-global,store,200,https://dealkhaleej.com/store/gocity-global,indexable,GoCity Global Coupon Codes and Deals for GCC Shoppers | DealKhaleej,"GoCity Global Coupons, Deals and Offers for GCC Shoppers - 2026",953,18,0,,true,true,C,Store page has no active offers; remove temporarily from sitemap.
https://dealkhaleej.com/store/trip-global,store,200,https://dealkhaleej.com/store/trip-global,indexable,Trip Global Coupon Codes and Deals for GCC Shoppers | DealKhaleej,"Trip Global Coupons, Deals and Offers for GCC Shoppers - 2026",944,10,0,,true,true,C,Store page has no active offers; remove temporarily from sitemap.
https://dealkhaleej.com/store/ultahost-global,store,200,https://dealkhaleej.com/store/ultahost-global,indexable,Ultahost Global Coupon Codes and Deals for GCC Shoppers | DealKhaleej,"Ultahost Global Coupons, Deals and Offers for GCC Shoppers - 2026",721,7,0,,true,true,C,Store page has no active offers; remove temporarily from sitemap.
https://dealkhaleej.com/store/ferrari-world-abu-dhabi,store,200,https://dealkhaleej.com/store/ferrari-world-abu-dhabi,indexable,Ferrari World Abu Dhabi Coupon Codes and Deals for GCC Shoppers | DealKhaleej,"Ferrari World Abu Dhabi Coupons, Deals and Offers for GCC Shoppers - 2026",969,2,0,,true,true,C,Store page has no active offers; remove temporarily from sitemap.
https://dealkhaleej.com/store/cdkeys-gcc-jo,store,200,https://dealkhaleej.com/store/cdkeys-gcc-jo,indexable,CDKeys GCC JO Coupon Codes and Deals for GCC Shoppers | DealKhaleej,"CDKeys GCC JO Coupons, Deals and Offers for GCC Shoppers - 2026",730,7,0,,true,true,C,Store page has no active offers; remove temporarily from sitemap.
https://dealkhaleej.com/store/storeus-uae,store,200,https://dealkhaleej.com/store/storeus-uae,indexable,StoreUs UAE Coupon Codes and Deals for GCC Shoppers | DealKhaleej,"StoreUs UAE Coupons, Deals and Offers for GCC Shoppers - 2026",713,7,0,,true,true,C,Store page has no active offers; remove temporarily from sitemap.
https://dealkhaleej.com/store/mothercare-uae-ksa,store,200,https://dealkhaleej.com/store/mothercare-uae-ksa,indexable,Mothercare UAE KSA Coupon Codes and Deals for GCC Shoppers | DealKhaleej,"Mothercare UAE KSA Coupons, Deals and Offers for GCC Shoppers - 2026",728,5,0,,true,true,C,Store page has no active offers; remove temporarily from sitemap.
https://dealkhaleej.com/store/trip-com-global,store,200,https://dealkhaleej.com/store/trip-com-global,indexable,Trip.com Global Coupon Codes and Deals for GCC Shoppers | DealKhaleej,"Trip.com Global Coupons, Deals and Offers for GCC Shoppers - 2026",961,84,0,,true,true,C,Store page has no active offers; remove temporarily from sitemap.
https://dealkhaleej.com/store/the-outnet-middle-east-gcc,store,200,https://dealkhaleej.com/store/the-outnet-middle-east-gcc,indexable,The Outnet Middle East GCC Coupon Codes and Deals for GCC Shoppers | DealKhaleej,"The Outnet Middle East GCC Coupons, Deals and Offers for GCC Shoppers - 2026",970,12,0,,true,true,C,Store page has no active offers; remove temporarily from sitemap.
https://dealkhaleej.com/store/soukare-global,store,200,https://dealkhaleej.com/store/soukare-global,indexable,souKare Global Coupon Codes and Deals for GCC Shoppers | DealKhaleej,"souKare Global Coupons, Deals and Offers for GCC Shoppers - 2026",900,6,0,,true,true,C,Store page has no active offers; remove temporarily from sitemap.
https://dealkhaleej.com/store/airalo-global,store,200,https://dealkhaleej.com/store/airalo-global,indexable,Airalo Global Coupon Codes and Deals for GCC Shoppers | DealKhaleej,"Airalo Global Coupons, Deals and Offers for GCC Shoppers - 2026",963,27,0,,true,true,C,Store page has no active offers; remove temporarily from sitemap.
https://dealkhaleej.com/store/aliexpress-global,store,200,https://dealkhaleej.com/store/aliexpress-global,indexable,AliExpress Global Coupon Codes and Deals for GCC Shoppers | DealKhaleej,"AliExpress Global Coupons, Deals and Offers for GCC Shoppers - 2026",952,10,0,,true,true,C,Store page has no active offers; remove temporarily from sitemap.
https://dealkhaleej.com/store/amazon-uae,store,200,https://dealkhaleej.com/store/amazon-uae,indexable,Amazon UAE Coupon Codes and Deals for GCC Shoppers | DealKhaleej,"Amazon UAE Coupons, Deals and Offers for GCC Shoppers - 2026",933,126,0,,true,true,C,Store page has no active offers; remove temporarily from sitemap.
https://dealkhaleej.com/store/spring-feeling,store,200,https://dealkhaleej.com/store/spring-feeling,indexable,Spring Feeling Coupon Codes and Deals for GCC Shoppers | DealKhaleej,"Spring Feeling Coupons, Deals and Offers for GCC Shoppers - 2026",1003,15,2,,true,true,A,Strong crawl target with useful content and/or active commercial intent.
https://dealkhaleej.com/store/agoda-hotels-gcc,store,200,https://dealkhaleej.com/store/agoda-hotels-gcc,indexable,Agoda Hotels GCC Coupon Codes and Deals for GCC Shoppers | DealKhaleej,"Agoda Hotels GCC Coupons, Deals and Offers for GCC Shoppers - 2026",972,68,0,,true,true,C,Store page has no active offers; remove temporarily from sitemap.
https://dealkhaleej.com/store/800-flower-uae,store,200,https://dealkhaleej.com/store/800-flower-uae,indexable,800 Flower UAE Coupon Codes and Deals for GCC Shoppers | DealKhaleej,"800 Flower UAE Coupons, Deals and Offers for GCC Shoppers - 2026",696,3,0,,true,true,C,Store page has no active offers; remove temporarily from sitemap.
https://dealkhaleej.com/store/ticketstodo-global,store,200,https://dealkhaleej.com/store/ticketstodo-global,indexable,Ticketstodo Global Coupon Codes and Deals for GCC Shoppers | DealKhaleej,"Ticketstodo Global Coupons, Deals and Offers for GCC Shoppers - 2026",941,2,0,,true,true,C,Store page has no active offers; remove temporarily from sitemap.
https://dealkhaleej.com/store/daraz-pk,store,200,https://dealkhaleej.com/store/daraz-pk,indexable,Daraz PK Coupon Codes and Deals for GCC Shoppers | DealKhaleej,"Daraz PK Coupons, Deals and Offers for GCC Shoppers - 2026",944,8,0,,true,true,C,Store page has no active offers; remove temporarily from sitemap.
https://dealkhaleej.com/store/squatwolf,store,200,https://dealkhaleej.com/store/squatwolf,indexable,SquatWolf Coupon Codes and Deals for GCC Shoppers | DealKhaleej,"SquatWolf Coupons, Deals and Offers for GCC Shoppers - 2026",914,4,1,,true,true,A,Strong crawl target with useful content and/or active commercial intent.
https://dealkhaleej.com/store/bloomingdales,store,200,https://dealkhaleej.com/store/bloomingdales,indexable,Bloomingdales Coupon Codes and Deals for GCC Shoppers | DealKhaleej,"Bloomingdales Coupons, Deals and Offers for GCC Shoppers - 2026",940,11,1,,true,true,A,Strong crawl target with useful content and/or active commercial intent.
https://dealkhaleej.com/store/temu,store,200,https://dealkhaleej.com/store/temu,indexable,Temu Coupon Codes and Deals for GCC Shoppers | DealKhaleej,"Temu Coupons, Deals and Offers for GCC Shoppers - 2026",1145,109,5,,true,true,A,Strong crawl target with useful content and/or active commercial intent.
https://dealkhaleej.com/store/backcomfort-sa,store,200,https://dealkhaleej.com/store/backcomfort-sa,indexable,Backcomfort SA Coupon Codes and Deals for GCC Shoppers | DealKhaleej,"Backcomfort SA Coupons, Deals and Offers for GCC Shoppers - 2026",971,4,1,,true,true,A,Strong crawl target with useful content and/or active commercial intent.
https://dealkhaleej.com/store/sun-sand-sports,store,200,https://dealkhaleej.com/store/sun-sand-sports,indexable,Sun &amp; Sand Sports Coupon Codes and Deals for GCC Shoppers | DealKhaleej,"Sun &amp; Sand Sports Coupons, Deals and Offers for GCC Shoppers - 2026",866,12,1,,true,true,A,Strong crawl target with useful content and/or active commercial intent.
https://dealkhaleej.com/store/under-armour,store,200,https://dealkhaleej.com/store/under-armour,indexable,Under Armour Coupon Codes and Deals for GCC Shoppers | DealKhaleej,"Under Armour Coupons, Deals and Offers for GCC Shoppers - 2026",826,12,1,,true,true,A,Strong crawl target with useful content and/or active commercial intent.
https://dealkhaleej.com/store/h-m-gcc,store,200,https://dealkhaleej.com/store/h-m-gcc,indexable,H&amp;M GCC Coupon Codes and Deals for GCC Shoppers | DealKhaleej,"H&amp;M GCC Coupons, Deals and Offers for GCC Shoppers - 2026",1029,4,1,,true,true,A,Strong crawl target with useful content and/or active commercial intent.
https://dealkhaleej.com/store/plaud,store,200,https://dealkhaleej.com/store/plaud,indexable,Plaud Coupon Codes and Deals for GCC Shoppers | DealKhaleej,"Plaud Coupons, Deals and Offers for GCC Shoppers - 2026",942,7,1,,true,true,A,Strong crawl target with useful content and/or active commercial intent.
https://dealkhaleej.com/store/adidas-uae,store,200,https://dealkhaleej.com/store/adidas-uae,indexable,Adidas UAE Coupon Codes and Deals for GCC Shoppers | DealKhaleej,"Adidas UAE Coupons, Deals and Offers for GCC Shoppers - 2026",818,12,1,,true,true,A,Strong crawl target with useful content and/or active commercial intent.
https://dealkhaleej.com/store/nike-qatar-app,store,200,https://dealkhaleej.com/store/nike-qatar-app,indexable,Nike Qatar App Coupon Codes and Deals for GCC Shoppers | DealKhaleej,"Nike Qatar App Coupons, Deals and Offers for GCC Shoppers - 2026",839,12,1,,true,true,A,Strong crawl target with useful content and/or active commercial intent.
https://dealkhaleej.com/store/nike-ksa-web,store,200,https://dealkhaleej.com/store/nike-ksa-web,indexable,Nike KSA Web Coupon Codes and Deals for GCC Shoppers | DealKhaleej,"Nike KSA Web Coupons, Deals and Offers for GCC Shoppers - 2026",841,12,1,,true,true,A,Strong crawl target with useful content and/or active commercial intent.
https://dealkhaleej.com/store/klook-middle-east-india,store,200,https://dealkhaleej.com/store/klook-middle-east-india,indexable,Klook Middle East &amp; India Coupon Codes and Deals for GCC Shoppers | DealKhaleej,"Klook Middle East &amp; India Coupons, Deals and Offers for GCC Shoppers - 2026",832,4,1,,true,true,A,Strong crawl target with useful content and/or active commercial intent.
https://dealkhaleej.com/store/nike-kuwait-web,store,200,https://dealkhaleej.com/store/nike-kuwait-web,indexable,Nike Kuwait Web Coupon Codes and Deals for GCC Shoppers | DealKhaleej,"Nike Kuwait Web Coupons, Deals and Offers for GCC Shoppers - 2026",835,12,1,,true,true,A,Strong crawl target with useful content and/or active commercial intent.
https://dealkhaleej.com/store/nike-qatar-web,store,200,https://dealkhaleej.com/store/nike-qatar-web,indexable,Nike Qatar Web Coupon Codes and Deals for GCC Shoppers | DealKhaleej,"Nike Qatar Web Coupons, Deals and Offers for GCC Shoppers - 2026",835,10,1,,true,true,A,Strong crawl target with useful content and/or active commercial intent.
https://dealkhaleej.com/store/nike-uae-web,store,200,https://dealkhaleej.com/store/nike-uae-web,indexable,Nike UAE Web Coupon Codes and Deals for GCC Shoppers | DealKhaleej,"Nike UAE Web Coupons, Deals and Offers for GCC Shoppers - 2026",835,4,1,,true,true,A,Strong crawl target with useful content and/or active commercial intent.
https://dealkhaleej.com/store/nomad-esim,store,200,https://dealkhaleej.com/store/nomad-esim,indexable,Nomad eSIM Coupon Codes and Deals for GCC Shoppers | DealKhaleej,"Nomad eSIM Coupons, Deals and Offers for GCC Shoppers - 2026",778,4,1,,true,true,A,Strong crawl target with useful content and/or active commercial intent.
https://dealkhaleej.com/store/asos-gcc,store,200,https://dealkhaleej.com/store/asos-gcc,indexable,ASOS GCC Coupon Codes and Deals for GCC Shoppers | DealKhaleej,"ASOS GCC Coupons, Deals and Offers for GCC Shoppers - 2026",973,4,1,,true,true,A,Strong crawl target with useful content and/or active commercial intent.
https://dealkhaleej.com/store/level-shoes,store,200,https://dealkhaleej.com/store/level-shoes,indexable,Level Shoes Coupon Codes and Deals for GCC Shoppers | DealKhaleej,"Level Shoes Coupons, Deals and Offers for GCC Shoppers - 2026",762,4,1,,true,true,A,Strong crawl target with useful content and/or active commercial intent.
https://dealkhaleej.com/store/shein,store,200,https://dealkhaleej.com/store/shein,indexable,SHEIN Coupon Codes and Deals for GCC Shoppers | DealKhaleej,"SHEIN Coupons, Deals and Offers for GCC Shoppers - 2026",1012,4,1,,true,true,A,Strong crawl target with useful content and/or active commercial intent.
https://dealkhaleej.com/store/expedia-ksa,store,200,https://dealkhaleej.com/store/expedia-ksa,indexable,Expedia KSA Coupon Codes and Deals for GCC Shoppers | DealKhaleej,"Expedia KSA Coupons, Deals and Offers for GCC Shoppers - 2026",1016,4,1,,true,true,A,Strong crawl target with useful content and/or active commercial intent.
https://dealkhaleej.com/store/carvertical-uae,store,200,https://dealkhaleej.com/store/carvertical-uae,indexable,carVertical UAE Coupon Codes and Deals for GCC Shoppers | DealKhaleej,"carVertical UAE Coupons, Deals and Offers for GCC Shoppers - 2026",754,4,1,,true,true,A,Strong crawl target with useful content and/or active commercial intent.
https://dealkhaleej.com/store/gameseal,store,200,https://dealkhaleej.com/store/gameseal,indexable,Gameseal Coupon Codes and Deals for GCC Shoppers | DealKhaleej,"Gameseal Coupons, Deals and Offers for GCC Shoppers - 2026",756,4,1,,true,true,A,Strong crawl target with useful content and/or active commercial intent.
https://dealkhaleej.com/store/flynas,store,200,https://dealkhaleej.com/store/flynas,indexable,Flynas Coupon Codes and Deals for GCC Shoppers | DealKhaleej,"Flynas Coupons, Deals and Offers for GCC Shoppers - 2026",896,5,1,,true,true,A,Strong crawl target with useful content and/or active commercial intent.
https://dealkhaleej.com/store/nazih-uae,store,200,https://dealkhaleej.com/store/nazih-uae,indexable,Nazih UAE Coupon Codes and Deals for GCC Shoppers | DealKhaleej,"Nazih UAE Coupons, Deals and Offers for GCC Shoppers - 2026",973,8,1,,true,true,A,Strong crawl target with useful content and/or active commercial intent.
https://dealkhaleej.com/store/air-india,store,200,https://dealkhaleej.com/store/air-india,indexable,Air India Coupon Codes and Deals for GCC Shoppers | DealKhaleej,"Air India Coupons, Deals and Offers for GCC Shoppers - 2026",917,5,1,,true,true,A,Strong crawl target with useful content and/or active commercial intent.
https://dealkhaleej.com/store/kaspersky,store,200,https://dealkhaleej.com/store/kaspersky,indexable,Kaspersky Coupon Codes and Deals for GCC Shoppers | DealKhaleej,"Kaspersky Coupons, Deals and Offers for GCC Shoppers - 2026",785,9,1,,true,true,A,Strong crawl target with useful content and/or active commercial intent.
https://dealkhaleej.com/store/shopify,store,200,https://dealkhaleej.com/store/shopify,indexable,Shopify Coupon Codes and Deals for GCC Shoppers | DealKhaleej,"Shopify Coupons, Deals and Offers for GCC Shoppers - 2026",797,9,1,,true,true,A,Strong crawl target with useful content and/or active commercial intent.
https://dealkhaleej.com/store/foot-locker-uae,store,200,https://dealkhaleej.com/store/foot-locker-uae,indexable,Foot Locker UAE Coupon Codes and Deals for GCC Shoppers | DealKhaleej,"Foot Locker UAE Coupons, Deals and Offers for GCC Shoppers - 2026",839,4,1,,true,true,A,Strong crawl target with useful content and/or active commercial intent.
https://dealkhaleej.com/blog/noon-coupon-code-saudi-arabia-june-2026,article,200,https://dealkhaleej.com/blog/noon-coupon-code-saudi-arabia-june-2026,indexable,Noon Coupon Code Saudi Arabia June 2026 | DealKhaleej,Noon Coupon Code Saudi Arabia June 2026,1309,2,,0.849,true,true,C,Weak or highly overlapping page; remove temporarily until improved.
https://dealkhaleej.com/blog/temu-saudi-arabia-shopping-guide,article,200,https://dealkhaleej.com/blog/temu-saudi-arabia-shopping-guide,indexable,Temu Saudi Arabia Shopping Guide | DealKhaleej,Temu Saudi Arabia Shopping Guide,1339,2,,0.82,true,true,C,Weak or highly overlapping page; remove temporarily until improved.
https://dealkhaleej.com/blog/best-iherb-discounts-saudi-customers,article,200,https://dealkhaleej.com/blog/best-iherb-discounts-saudi-customers,indexable,Best iHerb Discounts for Saudi Customers | DealKhaleej,Best iHerb Discounts for Saudi Customers,1350,6,,0.828,true,true,C,Weak or highly overlapping page; remove temporarily until improved.
https://dealkhaleej.com/blog/amazon-sa-promo-codes-savings-guide,article,200,https://dealkhaleej.com/blog/amazon-sa-promo-codes-savings-guide,indexable,Amazon.sa Promo Codes and Savings Guide | DealKhaleej,Amazon.sa Promo Codes and Savings Guide,1352,6,,0.832,true,true,C,Weak or highly overlapping page; remove temporarily until improved.
https://dealkhaleej.com/blog/how-to-find-verified-coupon-codes-saudi-arabia,article,200,https://dealkhaleej.com/blog/how-to-find-verified-coupon-codes-saudi-arabia,indexable,How to Find Verified Coupon Codes in Saudi Arabia | DealKhaleej,How to Find Verified Coupon Codes in Saudi Arabia,1358,4,,0.839,true,true,C,Weak or highly overlapping page; remove temporarily until improved.
https://dealkhaleej.com/blog/best-fashion-shopping-websites-saudi-arabia,article,200,https://dealkhaleej.com/blog/best-fashion-shopping-websites-saudi-arabia,indexable,Best Fashion Shopping Websites Saudi Arabia | DealKhaleej,Best Fashion Shopping Websites in Saudi Arabia,1348,4,,0.803,true,true,C,Weak or highly overlapping page; remove temporarily until improved.
https://dealkhaleej.com/blog/best-electronics-stores-saudi-arabia,article,200,https://dealkhaleej.com/blog/best-electronics-stores-saudi-arabia,indexable,Best Electronics Stores Saudi Arabia | DealKhaleej,Best Electronics Stores in Saudi Arabia,1335,2,,0.829,true,true,C,Weak or highly overlapping page; remove temporarily until improved.
https://dealkhaleej.com/blog/online-shopping-trends-saudi-arabia-2026,article,200,https://dealkhaleej.com/blog/online-shopping-trends-saudi-arabia-2026,indexable,Online Shopping Trends Saudi Arabia 2026 | DealKhaleej,Online Shopping Trends in Saudi Arabia 2026,1342,0,,0.815,true,true,C,Weak or highly overlapping page; remove temporarily until improved.
https://dealkhaleej.com/blog/how-to-save-money-on-every-online-purchase,article,200,https://dealkhaleej.com/blog/how-to-save-money-on-every-online-purchase,indexable,How to Save Money on Every Online Purchase | DealKhaleej,How to Save Money on Every Online Purchase,1360,0,,0.83,true,true,C,Weak or highly overlapping page; remove temporarily until improved.
https://dealkhaleej.com/blog/best-gcc-online-shopping-deals-this-month,article,200,https://dealkhaleej.com/blog/best-gcc-online-shopping-deals-this-month,indexable,Best GCC Online Shopping Deals This Month | DealKhaleej,Best GCC Online Shopping Deals This Month,1346,6,,0.849,true,true,C,Weak or highly overlapping page; remove temporarily until improved.
https://dealkhaleej.com/blog/best-noon-coupon-codes-saudi-arabia-2026,article,200,https://dealkhaleej.com/blog/best-noon-coupon-codes-saudi-arabia-2026,indexable,Best Noon Coupon Codes Saudi Arabia 2026 | DealKhaleej,Best Noon Coupon Codes in Saudi Arabia (2026),1413,2,,0.912,true,true,C,Weak or highly overlapping page; remove temporarily until improved.
https://dealkhaleej.com/blog/how-to-save-money-amazon-saudi-arabia,article,200,https://dealkhaleej.com/blog/how-to-save-money-amazon-saudi-arabia,indexable,How to Save Money on Amazon Saudi Arabia | DealKhaleej,How to Save Money on Amazon Saudi Arabia,1407,0,,0.912,true,true,C,Weak or highly overlapping page; remove temporarily until improved.
https://dealkhaleej.com/blog/best-temu-discount-codes-saudi-shoppers,article,200,https://dealkhaleej.com/blog/best-temu-discount-codes-saudi-shoppers,indexable,Best Temu Discount Codes Saudi Arabia | DealKhaleej,Best Temu Discount Codes for Saudi Shoppers,1395,2,,0.909,true,true,C,Weak or highly overlapping page; remove temporarily until improved.
https://dealkhaleej.com/blog/iherb-promo-codes-shopping-tips-saudi-arabia-2026,article,200,https://dealkhaleej.com/blog/iherb-promo-codes-shopping-tips-saudi-arabia-2026,indexable,iHerb Promo Codes Saudi Arabia Shopping Tips | DealKhaleej,iHerb Promo Codes and Shopping Tips in Saudi Arabia,1405,2,,0.905,true,true,C,Weak or highly overlapping page; remove temporarily until improved.
https://dealkhaleej.com/blog/shein-coupon-codes-fashion-savings-guide-saudi-arabia,article,200,https://dealkhaleej.com/blog/shein-coupon-codes-fashion-savings-guide-saudi-arabia,indexable,SHEIN Coupon Codes Saudi Arabia Fashion Savings Guide | DealKhaleej,SHEIN Coupon Codes and Fashion Savings Guide,1401,2,,0.895,true,true,C,Weak or highly overlapping page; remove temporarily until improved.
https://dealkhaleej.com/blog/top-10-online-shopping-websites-saudi-arabia,article,200,https://dealkhaleej.com/blog/top-10-online-shopping-websites-saudi-arabia,indexable,Top 10 Online Shopping Websites Saudi Arabia | DealKhaleej,Top 10 Online Shopping Websites in Saudi Arabia,1411,2,,0.907,true,true,C,Weak or highly overlapping page; remove temporarily until improved.
https://dealkhaleej.com/blog/how-coupon-codes-work-saudi-arabia,article,200,https://dealkhaleej.com/blog/how-coupon-codes-work-saudi-arabia,indexable,How Coupon Codes Work in Saudi Arabia | DealKhaleej,How Coupon Codes Work in Saudi Arabia,1428,0,,0.904,true,true,C,Weak or highly overlapping page; remove temporarily until improved.
https://dealkhaleej.com/blog/best-tech-deals-electronics-discounts-ksa,article,200,https://dealkhaleej.com/blog/best-tech-deals-electronics-discounts-ksa,indexable,Best Tech Deals and Electronics Discounts KSA | DealKhaleej,Best Tech Deals and Electronics Discounts in KSA,1398,2,,0.899,true,true,C,Weak or highly overlapping page; remove temporarily until improved.
https://dealkhaleej.com/blog/noon-first-order-discount-guide-saudi-arabia,article,200,https://dealkhaleej.com/blog/noon-first-order-discount-guide-saudi-arabia,indexable,Noon First Order Discount Guide Saudi Arabia | DealKhaleej,Noon First Order Discount Guide,1409,2,,0.91,true,true,C,Weak or highly overlapping page; remove temporarily until improved.
https://dealkhaleej.com/blog/online-shopping-safety-guide-saudi-arabia,article,200,https://dealkhaleej.com/blog/online-shopping-safety-guide-saudi-arabia,indexable,Online Shopping Safety Guide Saudi Arabia | DealKhaleej,Online Shopping Safety Guide for Saudi Arabia,1409,5,,0.893,true,true,C,Weak or highly overlapping page; remove temporarily until improved.
https://dealkhaleej.com/blog/how-to-use-noon-coupon-codes-saudi-arabia,article,200,https://dealkhaleej.com/blog/how-to-use-noon-coupon-codes-saudi-arabia,indexable,How to Use Noon Coupon Codes in Saudi Arabia | DealKhaleej,How to Use Noon Coupon Codes in Saudi Arabia,231,0,,0.287,true,true,B,"Useful page, but needs stronger unique content, clearer intent, or more internal support before sitemap priority."
https://dealkhaleej.com/blog/best-times-to-find-fashion-discounts-saudi-arabia,article,200,https://dealkhaleej.com/blog/best-times-to-find-fashion-discounts-saudi-arabia,indexable,Fashion Discount Shopping Guide Saudi Arabia | DealKhaleej,Best Times to Find Fashion Discounts in Saudi Arabia,189,4,,0.287,true,true,B,"Useful page, but needs stronger unique content, clearer intent, or more internal support before sitemap priority."
https://dealkhaleej.com/blog/iherb-promo-code-shopping-tips-saudi-arabia,article,200,https://dealkhaleej.com/blog/iherb-promo-code-shopping-tips-saudi-arabia,indexable,iHerb Promo Code Tips Saudi Arabia | DealKhaleej,iHerb Promo Code Shopping Tips for Saudi Arabia,189,2,,0.277,true,true,B,"Useful page, but needs stronger unique content, clearer intent, or more internal support before sitemap priority."
https://dealkhaleej.com/blog/best-coupon-codes-uae-online-shopping,article,200,https://dealkhaleej.com/blog/best-coupon-codes-uae-online-shopping,indexable,Best Coupon Codes in the UAE for Online Shopping | DealKhaleej,Best Coupon Codes in the UAE for Online Shopping,358,22,,0.975,true,true,C,Weak or highly overlapping page; remove temporarily until improved.
https://dealkhaleej.com/blog/noon-uae-coupon-code-shopping-guide,article,200,https://dealkhaleej.com/blog/noon-uae-coupon-code-shopping-guide,indexable,Noon UAE Coupon Code and Shopping Guide | DealKhaleej,Noon UAE Coupon Code and Shopping Guide,350,2,,0.981,true,true,C,Weak or highly overlapping page; remove temporarily until improved.
https://dealkhaleej.com/blog/amazon-uae-promo-codes-savings-tips,article,200,https://dealkhaleej.com/blog/amazon-uae-promo-codes-savings-tips,indexable,Amazon UAE Promo Codes and Savings Tips | DealKhaleej,Amazon UAE Promo Codes and Savings Tips,351,4,,0.962,true,true,C,Weak or highly overlapping page; remove temporarily until improved.
https://dealkhaleej.com/blog/temu-uae-discount-codes-app-deals,article,200,https://dealkhaleej.com/blog/temu-uae-discount-codes-app-deals,indexable,Temu UAE Discount Codes and App Deals | DealKhaleej,Temu UAE Discount Codes and App Deals,350,2,,0.981,true,true,C,Weak or highly overlapping page; remove temporarily until improved.
https://dealkhaleej.com/blog/shein-uae-coupon-codes-fashion-savings,article,200,https://dealkhaleej.com/blog/shein-uae-coupon-codes-fashion-savings,indexable,SHEIN UAE Coupon Codes and Fashion Savings | DealKhaleej,SHEIN UAE Coupon Codes and Fashion Savings,352,2,,0.963,true,true,C,Weak or highly overlapping page; remove temporarily until improved.
https://dealkhaleej.com/blog/iherb-uae-promo-codes-wellness-shopping-tips,article,200,https://dealkhaleej.com/blog/iherb-uae-promo-codes-wellness-shopping-tips,indexable,iHerb UAE Promo Codes and Wellness Shopping Tips | DealKhaleej,iHerb UAE Promo Codes and Wellness Shopping Tips,354,2,,0.95,true,true,C,Weak or highly overlapping page; remove temporarily until improved.
https://dealkhaleej.com/blog/best-online-shopping-websites-uae,article,200,https://dealkhaleej.com/blog/best-online-shopping-websites-uae,indexable,Best Online Shopping Websites in the UAE | DealKhaleej,Best Online Shopping Websites in the UAE,350,0,,0.975,true,true,C,Weak or highly overlapping page; remove temporarily until improved.
https://dealkhaleej.com/blog/dubai-online-shopping-deals-coupon-guide,article,200,https://dealkhaleej.com/blog/dubai-online-shopping-deals-coupon-guide,indexable,Dubai Online Shopping Deals and Coupon Guide | DealKhaleej,Dubai Online Shopping Deals and Coupon Guide,367,0,,0.832,true,true,C,Weak or highly overlapping page; remove temporarily until improved.
https://dealkhaleej.com/blog/how-to-find-verified-coupon-codes-uae,article,200,https://dealkhaleej.com/blog/how-to-find-verified-coupon-codes-uae,indexable,How to Find Verified Coupon Codes in the UAE | DealKhaleej,How to Find Verified Coupon Codes in the UAE,358,0,,0.95,true,true,C,Weak or highly overlapping page; remove temporarily until improved.
https://dealkhaleej.com/blog/uae-online-shopping-safety-guide,article,200,https://dealkhaleej.com/blog/uae-online-shopping-safety-guide,indexable,UAE Online Shopping Safety Guide | DealKhaleej,UAE Online Shopping Safety Guide,342,0,,0.95,true,true,C,Weak or highly overlapping page; remove temporarily until improved.
https://dealkhaleej.com/blog/best-coupon-codes-kuwait-online-shopping,article,200,https://dealkhaleej.com/blog/best-coupon-codes-kuwait-online-shopping,indexable,Best Coupon Codes in Kuwait for Online Shopping | DealKhaleej,Best Coupon Codes in Kuwait for Online Shopping,352,30,,0.981,true,true,C,Weak or highly overlapping page; remove temporarily until improved.
https://dealkhaleej.com/blog/kuwait-online-shopping-deals-savings-guide,article,200,https://dealkhaleej.com/blog/kuwait-online-shopping-deals-savings-guide,indexable,Kuwait Online Shopping Deals and Savings Guide | DealKhaleej,Kuwait Online Shopping Deals and Savings Guide,347,0,,0.944,true,true,C,Weak or highly overlapping page; remove temporarily until improved.
https://dealkhaleej.com/blog/best-fashion-shopping-websites-kuwait,article,200,https://dealkhaleej.com/blog/best-fashion-shopping-websites-kuwait,indexable,Best Fashion Shopping Websites in Kuwait | DealKhaleej,Best Fashion Shopping Websites in Kuwait,343,2,,0.969,true,true,C,Weak or highly overlapping page; remove temporarily until improved.
https://dealkhaleej.com/blog/best-electronics-deals-kuwait-shoppers,article,200,https://dealkhaleej.com/blog/best-electronics-deals-kuwait-shoppers,indexable,Best Electronics Deals for Kuwait Shoppers | DealKhaleej,Best Electronics Deals for Kuwait Shoppers,344,8,,0.946,true,true,C,Weak or highly overlapping page; remove temporarily until improved.
https://dealkhaleej.com/blog/how-to-use-coupon-codes-kuwait,article,200,https://dealkhaleej.com/blog/how-to-use-coupon-codes-kuwait,indexable,How to Use Coupon Codes in Kuwait | DealKhaleej,How to Use Coupon Codes in Kuwait,348,0,,0.963,true,true,C,Weak or highly overlapping page; remove temporarily until improved.
https://dealkhaleej.com/blog/best-coupon-codes-qatar-online-shopping,article,200,https://dealkhaleej.com/blog/best-coupon-codes-qatar-online-shopping,indexable,Best Coupon Codes in Qatar for Online Shopping | DealKhaleej,Best Coupon Codes in Qatar for Online Shopping,351,14,,0.945,true,true,C,Weak or highly overlapping page; remove temporarily until improved.
https://dealkhaleej.com/blog/qatar-online-shopping-deals-delivery-tips,article,200,https://dealkhaleej.com/blog/qatar-online-shopping-deals-delivery-tips,indexable,Qatar Online Shopping Deals and Delivery Tips | DealKhaleej,Qatar Online Shopping Deals and Delivery Tips,346,0,,0.975,true,true,C,Weak or highly overlapping page; remove temporarily until improved.
https://dealkhaleej.com/blog/best-fashion-beauty-deals-qatar,article,200,https://dealkhaleej.com/blog/best-fashion-beauty-deals-qatar,indexable,Best Fashion and Beauty Deals in Qatar | DealKhaleej,Best Fashion and Beauty Deals in Qatar,350,18,,0.963,true,true,C,Weak or highly overlapping page; remove temporarily until improved.
https://dealkhaleej.com/blog/best-tech-shopping-deals-qatar,article,200,https://dealkhaleej.com/blog/best-tech-shopping-deals-qatar,indexable,Best Tech Shopping Deals for Qatar | DealKhaleej,Best Tech Shopping Deals for Qatar,344,4,,0.946,true,true,C,Weak or highly overlapping page; remove temporarily until improved.
https://dealkhaleej.com/blog/how-to-save-money-shopping-online-qatar,article,200,https://dealkhaleej.com/blog/how-to-save-money-shopping-online-qatar,indexable,How to Save Money Shopping Online in Qatar | DealKhaleej,How to Save Money Shopping Online in Qatar,351,0,,0.945,true,true,C,Weak or highly overlapping page; remove temporarily until improved.
https://dealkhaleej.com/blog/best-coupon-codes-bahrain-online-shopping,article,200,https://dealkhaleej.com/blog/best-coupon-codes-bahrain-online-shopping,indexable,Best Coupon Codes in Bahrain for Online Shopping | DealKhaleej,Best Coupon Codes in Bahrain for Online Shopping,352,36,,0.981,true,true,C,Weak or highly overlapping page; remove temporarily until improved.
https://dealkhaleej.com/blog/bahrain-online-shopping-deals-savings-tips,article,200,https://dealkhaleej.com/blog/bahrain-online-shopping-deals-savings-tips,indexable,Bahrain Online Shopping Deals and Savings Tips | DealKhaleej,Bahrain Online Shopping Deals and Savings Tips,346,0,,0.975,true,true,C,Weak or highly overlapping page; remove temporarily until improved.
https://dealkhaleej.com/blog/best-fashion-websites-bahrain-shoppers,article,200,https://dealkhaleej.com/blog/best-fashion-websites-bahrain-shoppers,indexable,Best Fashion Websites for Bahrain Shoppers | DealKhaleej,Best Fashion Websites for Bahrain Shoppers,343,2,,0.969,true,true,C,Weak or highly overlapping page; remove temporarily until improved.
https://dealkhaleej.com/blog/how-to-use-promo-codes-bahrain,article,200,https://dealkhaleej.com/blog/how-to-use-promo-codes-bahrain,indexable,How to Use Promo Codes in Bahrain | DealKhaleej,How to Use Promo Codes in Bahrain,348,0,,0.963,true,true,C,Weak or highly overlapping page; remove temporarily until improved.
https://dealkhaleej.com/blog/best-coupon-codes-oman-online-shopping,article,200,https://dealkhaleej.com/blog/best-coupon-codes-oman-online-shopping,indexable,Best Coupon Codes in Oman for Online Shopping | DealKhaleej,Best Coupon Codes in Oman for Online Shopping,351,0,,0.957,true,true,C,Weak or highly overlapping page; remove temporarily until improved.
https://dealkhaleej.com/blog/oman-online-shopping-deals-delivery-guide,article,200,https://dealkhaleej.com/blog/oman-online-shopping-deals-delivery-guide,indexable,Oman Online Shopping Deals and Delivery Guide | DealKhaleej,Oman Online Shopping Deals and Delivery Guide,346,0,,0.968,true,true,C,Weak or highly overlapping page; remove temporarily until improved.
https://dealkhaleej.com/blog/best-electronics-deals-oman-shoppers,article,200,https://dealkhaleej.com/blog/best-electronics-deals-oman-shoppers,indexable,Best Electronics Deals for Oman Shoppers | DealKhaleej,Best Electronics Deals for Oman Shoppers,347,8,,0.929,true,true,C,Weak or highly overlapping page; remove temporarily until improved.
https://dealkhaleej.com/blog/how-to-save-money-shopping-online-oman,article,200,https://dealkhaleej.com/blog/how-to-save-money-shopping-online-oman,indexable,How to Save Money Shopping Online in Oman | DealKhaleej,How to Save Money Shopping Online in Oman,351,0,,0.962,true,true,C,Weak or highly overlapping page; remove temporarily until improved.
https://dealkhaleej.com/blog/best-gcc-coupon-codes-online-shopping-tips,article,200,https://dealkhaleej.com/blog/best-gcc-coupon-codes-online-shopping-tips,indexable,Best GCC Coupon Codes and Online Shopping Tips | DealKhaleej,Best GCC Coupon Codes and Online Shopping Tips,353,1,,0.956,true,true,C,Weak or highly overlapping page; remove temporarily until improved.
https://dealkhaleej.com/blog/gcc-online-shopping-guide-saudi-arabia-uae,article,200,https://dealkhaleej.com/blog/gcc-online-shopping-guide-saudi-arabia-uae,indexable,GCC Online Shopping Guide for Saudi Arabia and UAE Shoppers | DealKhaleej,GCC Online Shopping Guide for Saudi Arabia and UAE Shoppers,372,0,,0.968,true,true,C,Weak or highly overlapping page; remove temporarily until improved.
https://dealkhaleej.com/blog/best-coupon-websites-in-gcc,article,200,https://dealkhaleej.com/blog/best-coupon-websites-in-gcc,indexable,Best Coupon Websites in GCC: Verified Deals Guide,Best Coupon Websites in GCC,1682,2,,0.661,true,true,B,"Useful page, but needs stronger unique content, clearer intent, or more internal support before sitemap priority."
https://dealkhaleej.com/blog/best-online-shopping-sites-in-uae,article,200,https://dealkhaleej.com/blog/best-online-shopping-sites-in-uae,indexable,Best Online Shopping Sites in UAE for 2026,Best Online Shopping Sites in UAE,1643,10,,0.688,true,true,B,"Useful page, but needs stronger unique content, clearer intent, or more internal support before sitemap priority."
https://dealkhaleej.com/blog/best-online-shopping-sites-in-saudi-arabia-2026,article,200,https://dealkhaleej.com/blog/best-online-shopping-sites-in-saudi-arabia-2026,indexable,Best Online Shopping Sites in Saudi Arabia 2026,Best Online Shopping Sites in Saudi Arabia,1596,6,,0.688,true,true,B,"Useful page, but needs stronger unique content, clearer intent, or more internal support before sitemap priority."
https://dealkhaleej.com/blog/how-to-save-money-shopping-online-in-gcc,article,200,https://dealkhaleej.com/blog/how-to-save-money-shopping-online-in-gcc,indexable,How to Save Money Shopping Online in GCC,How to Save Money Shopping Online in GCC,1632,8,,0.661,true,true,B,"Useful page, but needs stronger unique content, clearer intent, or more internal support before sitemap priority."
https://dealkhaleej.com/blog/best-travel-booking-websites-for-gcc-travelers,article,200,https://dealkhaleej.com/blog/best-travel-booking-websites-for-gcc-travelers,indexable,Best Travel Booking Websites for GCC Travelers,Best Travel Booking Websites for GCC Travelers,1686,18,,0.605,true,true,B,"Useful page, but needs stronger unique content, clearer intent, or more internal support before sitemap priority."
https://dealkhaleej.com/blog/best-online-shopping-sites-in-saudi-arabia,article,200,https://dealkhaleej.com/blog/best-online-shopping-sites-in-saudi-arabia,indexable,Best Online Shopping Sites in Saudi Arabia | GCC Savings Guide | DealKhaleej,Best Online Shopping Sites in Saudi Arabia,2135,2,,1,true,true,C,Weak or highly overlapping page; remove temporarily until improved.
https://dealkhaleej.com/blog/best-online-shopping-sites-in-uae-gcc-guide-2,article,200,https://dealkhaleej.com/blog/best-online-shopping-sites-in-uae-gcc-guide-2,indexable,Best Online Shopping Sites in UAE | GCC Savings Guide | DealKhaleej,Best Online Shopping Sites in UAE,2130,0,,0.998,true,true,C,Weak or highly overlapping page; remove temporarily until improved.
https://dealkhaleej.com/blog/best-online-shopping-sites-in-qatar,article,200,https://dealkhaleej.com/blog/best-online-shopping-sites-in-qatar,indexable,Best Online Shopping Sites in Qatar | GCC Savings Guide | DealKhaleej,Best Online Shopping Sites in Qatar,2124,0,,1,true,true,C,Weak or highly overlapping page; remove temporarily until improved.
https://dealkhaleej.com/blog/best-online-shopping-sites-in-kuwait,article,200,https://dealkhaleej.com/blog/best-online-shopping-sites-in-kuwait,indexable,Best Online Shopping Sites in Kuwait | GCC Savings Guide | DealKhaleej,Best Online Shopping Sites in Kuwait,2124,0,,1,true,true,C,Weak or highly overlapping page; remove temporarily until improved.
https://dealkhaleej.com/blog/best-online-shopping-sites-in-bahrain,article,200,https://dealkhaleej.com/blog/best-online-shopping-sites-in-bahrain,indexable,Best Online Shopping Sites in Bahrain | GCC Savings Guide | DealKhaleej,Best Online Shopping Sites in Bahrain,2124,0,,1,true,true,C,Weak or highly overlapping page; remove temporarily until improved.
https://dealkhaleej.com/blog/best-online-shopping-sites-in-oman,article,200,https://dealkhaleej.com/blog/best-online-shopping-sites-in-oman,indexable,Best Online Shopping Sites in Oman | GCC Savings Guide | DealKhaleej,Best Online Shopping Sites in Oman,2124,0,,1,true,true,C,Weak or highly overlapping page; remove temporarily until improved.
https://dealkhaleej.com/blog/best-fashion-websites-in-gcc,article,200,https://dealkhaleej.com/blog/best-fashion-websites-in-gcc,indexable,Best Fashion Websites in GCC | GCC Savings Guide | DealKhaleej,Best Fashion Websites in GCC,2118,6,,1,true,true,C,Weak or highly overlapping page; remove temporarily until improved.
https://dealkhaleej.com/blog/best-electronics-stores-in-gcc,article,200,https://dealkhaleej.com/blog/best-electronics-stores-in-gcc,indexable,Best Electronics Stores in GCC | GCC Savings Guide | DealKhaleej,Best Electronics Stores in GCC,2119,4,,0.969,true,true,C,Weak or highly overlapping page; remove temporarily until improved.
https://dealkhaleej.com/blog/best-baby-stores-in-gcc,article,200,https://dealkhaleej.com/blog/best-baby-stores-in-gcc,indexable,Best Baby Stores in GCC | GCC Savings Guide | DealKhaleej,Best Baby Stores in GCC,2116,6,,0.998,true,true,C,Weak or highly overlapping page; remove temporarily until improved.
https://dealkhaleej.com/blog/best-beauty-stores-in-gcc,article,200,https://dealkhaleej.com/blog/best-beauty-stores-in-gcc,indexable,Best Beauty Stores in GCC | GCC Savings Guide | DealKhaleej,Best Beauty Stores in GCC,2118,10,,0.969,true,true,C,Weak or highly overlapping page; remove temporarily until improved.
https://dealkhaleej.com/blog/best-home-and-living-stores-in-gcc,article,200,https://dealkhaleej.com/blog/best-home-and-living-stores-in-gcc,indexable,Best Home &amp; Living Stores in GCC | GCC Savings Guide | DealKhaleej,Best Home &amp; Living Stores in GCC,2131,8,,0.998,true,true,C,Weak or highly overlapping page; remove temporarily until improved.
https://dealkhaleej.com/blog/best-sportswear-stores-in-gcc,article,200,https://dealkhaleej.com/blog/best-sportswear-stores-in-gcc,indexable,Best Sportswear Stores in GCC | GCC Savings Guide | DealKhaleej,Best Sportswear Stores in GCC,2110,2,,0.972,true,true,C,Weak or highly overlapping page; remove temporarily until improved.
https://dealkhaleej.com/blog/best-places-to-buy-sneakers-online,article,200,https://dealkhaleej.com/blog/best-places-to-buy-sneakers-online,indexable,Best Places to Buy Sneakers Online | GCC Savings Guide | DealKhaleej,Best Places to Buy Sneakers Online,2126,4,,0.995,true,true,C,Weak or highly overlapping page; remove temporarily until improved.
https://dealkhaleej.com/blog/best-luxury-shopping-websites,article,200,https://dealkhaleej.com/blog/best-luxury-shopping-websites,indexable,Best Luxury Shopping Websites | GCC Savings Guide | DealKhaleej,Best Luxury Shopping Websites,2115,6,,0.998,true,true,C,Weak or highly overlapping page; remove temporarily until improved.
https://dealkhaleej.com/blog/best-international-stores-shipping-to-gcc,article,200,https://dealkhaleej.com/blog/best-international-stores-shipping-to-gcc,indexable,Best International Stores Shipping to GCC | GCC Savings Guide | DealKhaleej,Best International Stores Shipping to GCC,2123,2,,1,true,true,C,Weak or highly overlapping page; remove temporarily until improved.
https://dealkhaleej.com/blog/how-to-save-money-shopping-online,article,200,https://dealkhaleej.com/blog/how-to-save-money-shopping-online,indexable,How to Save Money Shopping Online | GCC Savings Guide | DealKhaleej,How to Save Money Shopping Online,2123,0,,0.998,true,true,C,Weak or highly overlapping page; remove temporarily until improved.
https://dealkhaleej.com/blog/how-to-find-verified-coupon-codes,article,200,https://dealkhaleej.com/blog/how-to-find-verified-coupon-codes,indexable,How to Find Verified Coupon Codes | GCC Savings Guide | DealKhaleej,How to Find Verified Coupon Codes,2123,0,,1,true,true,C,Weak or highly overlapping page; remove temporarily until improved.
https://dealkhaleej.com/blog/shopping-during-white-friday,article,200,https://dealkhaleej.com/blog/shopping-during-white-friday,indexable,Shopping During White Friday | GCC Savings Guide | DealKhaleej,Shopping During White Friday,2107,0,,0.998,true,true,C,Weak or highly overlapping page; remove temporarily until improved.
https://dealkhaleej.com/blog/ramadan-shopping-guide,article,200,https://dealkhaleej.com/blog/ramadan-shopping-guide,indexable,Ramadan Shopping Guide | GCC Savings Guide | DealKhaleej,Ramadan Shopping Guide,2099,0,,1,true,true,C,Weak or highly overlapping page; remove temporarily until improved.
https://dealkhaleej.com/blog/back-to-school-shopping-guide,article,200,https://dealkhaleej.com/blog/back-to-school-shopping-guide,indexable,Back to School Shopping Guide | GCC Savings Guide | DealKhaleej,Back to School Shopping Guide,2116,6,,1,true,true,C,Weak or highly overlapping page; remove temporarily until improved.
https://dealkhaleej.com/blog/eid-shopping-guide,article,200,https://dealkhaleej.com/blog/eid-shopping-guide,indexable,Eid Shopping Guide | GCC Savings Guide | DealKhaleej,Eid Shopping Guide,2099,0,,1,true,true,C,Weak or highly overlapping page; remove temporarily until improved.
https://dealkhaleej.com/blog/online-shopping-safety-tips,article,200,https://dealkhaleej.com/blog/online-shopping-safety-tips,indexable,Online Shopping Safety Tips | GCC Savings Guide | DealKhaleej,Online Shopping Safety Tips,2107,0,,0.998,true,true,C,Weak or highly overlapping page; remove temporarily until improved.
https://dealkhaleej.com/blog/amazon-uae-shopping-guide,article,200,https://dealkhaleej.com/blog/amazon-uae-shopping-guide,indexable,Amazon UAE Shopping Guide | GCC Savings Guide | DealKhaleej,Amazon UAE Shopping Guide,2114,4,,1,true,true,C,Weak or highly overlapping page; remove temporarily until improved.
https://dealkhaleej.com/blog/noon-shopping-guide,article,200,https://dealkhaleej.com/blog/noon-shopping-guide,indexable,Noon Shopping Guide | GCC Savings Guide | DealKhaleej,Noon Shopping Guide,2099,2,,1,true,true,C,Weak or highly overlapping page; remove temporarily until improved.
https://dealkhaleej.com/blog/mumzworld-buying-guide,article,200,https://dealkhaleej.com/blog/mumzworld-buying-guide,indexable,Mumzworld Buying Guide | GCC Savings Guide | DealKhaleej,Mumzworld Buying Guide,2100,6,,1,true,true,C,Weak or highly overlapping page; remove temporarily until improved.
https://dealkhaleej.com/blog/ubuy-buying-guide,article,200,https://dealkhaleej.com/blog/ubuy-buying-guide,indexable,UBUY Buying Guide | GCC Savings Guide | DealKhaleej,UBUY Buying Guide,2099,2,,1,true,true,C,Weak or highly overlapping page; remove temporarily until improved.
https://dealkhaleej.com/blog/puma-buying-guide,article,200,https://dealkhaleej.com/blog/puma-buying-guide,indexable,PUMA Buying Guide | GCC Savings Guide | DealKhaleej,PUMA Buying Guide,2102,2,,1,true,true,C,Weak or highly overlapping page; remove temporarily until improved.
https://dealkhaleej.com/blog/fashion-sa-buying-guide,article,200,https://dealkhaleej.com/blog/fashion-sa-buying-guide,indexable,Fashion.sa Buying Guide | GCC Savings Guide | DealKhaleej,Fashion.sa Buying Guide,2110,2,,1,true,true,C,Weak or highly overlapping page; remove temporarily until improved.
https://dealkhaleej.com/blog/metro-brazil-buying-guide,article,200,https://dealkhaleej.com/blog/metro-brazil-buying-guide,indexable,Metro Brazil Buying Guide | GCC Savings Guide | DealKhaleej,Metro Brazil Buying Guide,2110,2,,1,true,true,C,Weak or highly overlapping page; remove temporarily until improved.
https://dealkhaleej.com/blog/spring-feeling-buying-guide,article,200,https://dealkhaleej.com/blog/spring-feeling-buying-guide,indexable,Spring Feeling Buying Guide | GCC Savings Guide | DealKhaleej,Spring Feeling Buying Guide,2107,8,,0.998,true,true,C,Weak or highly overlapping page; remove temporarily until improved.
https://dealkhaleej.com/blog/best-hotels-in-dubai,article,200,https://dealkhaleej.com/blog/best-hotels-in-dubai,indexable,Best Hotels in Dubai | GCC Savings Guide | DealKhaleej,Best Hotels in Dubai,2129,6,,0.995,true,true,C,Weak or highly overlapping page; remove temporarily until improved.
https://dealkhaleej.com/blog/best-hotels-in-abu-dhabi,article,200,https://dealkhaleej.com/blog/best-hotels-in-abu-dhabi,indexable,Best Hotels in Abu Dhabi | GCC Savings Guide | DealKhaleej,Best Hotels in Abu Dhabi,2137,6,,0.995,true,true,C,Weak or highly overlapping page; remove temporarily until improved.
https://dealkhaleej.com/blog/best-hotels-in-riyadh,article,200,https://dealkhaleej.com/blog/best-hotels-in-riyadh,indexable,Best Hotels in Riyadh | GCC Savings Guide | DealKhaleej,Best Hotels in Riyadh,2126,0,,0.998,true,true,C,Weak or highly overlapping page; remove temporarily until improved.
https://dealkhaleej.com/blog/best-hotels-in-jeddah,article,200,https://dealkhaleej.com/blog/best-hotels-in-jeddah,indexable,Best Hotels in Jeddah | GCC Savings Guide | DealKhaleej,Best Hotels in Jeddah,2126,4,,0.998,true,true,C,Weak or highly overlapping page; remove temporarily until improved.
https://dealkhaleej.com/blog/best-hotels-in-makkah,article,200,https://dealkhaleej.com/blog/best-hotels-in-makkah,indexable,Best Hotels in Makkah | GCC Savings Guide | DealKhaleej,Best Hotels in Makkah,2126,0,,0.998,true,true,C,Weak or highly overlapping page; remove temporarily until improved.
https://dealkhaleej.com/blog/best-hotels-in-madinah,article,200,https://dealkhaleej.com/blog/best-hotels-in-madinah,indexable,Best Hotels in Madinah | GCC Savings Guide | DealKhaleej,Best Hotels in Madinah,2126,0,,0.998,true,true,C,Weak or highly overlapping page; remove temporarily until improved.
https://dealkhaleej.com/blog/best-hotels-in-doha,article,200,https://dealkhaleej.com/blog/best-hotels-in-doha,indexable,Best Hotels in Doha | GCC Savings Guide | DealKhaleej,Best Hotels in Doha,2123,4,,0.998,true,true,C,Weak or highly overlapping page; remove temporarily until improved.
https://dealkhaleej.com/blog/best-hotels-in-kuwait-city,article,200,https://dealkhaleej.com/blog/best-hotels-in-kuwait-city,indexable,Best Hotels in Kuwait City | GCC Savings Guide | DealKhaleej,Best Hotels in Kuwait City,2131,0,,0.998,true,true,C,Weak or highly overlapping page; remove temporarily until improved.
https://dealkhaleej.com/blog/best-hotels-in-manama,article,200,https://dealkhaleej.com/blog/best-hotels-in-manama,indexable,Best Hotels in Manama | GCC Savings Guide | DealKhaleej,Best Hotels in Manama,2123,0,,0.998,true,true,C,Weak or highly overlapping page; remove temporarily until improved.
https://dealkhaleej.com/blog/best-hotels-in-muscat,article,200,https://dealkhaleej.com/blog/best-hotels-in-muscat,indexable,Best Hotels in Muscat | GCC Savings Guide | DealKhaleej,Best Hotels in Muscat,2123,0,,0.998,true,true,C,Weak or highly overlapping page; remove temporarily until improved.
https://dealkhaleej.com/blog/best-hotels-in-istanbul,article,200,https://dealkhaleej.com/blog/best-hotels-in-istanbul,indexable,Best Hotels in Istanbul | GCC Savings Guide | DealKhaleej,Best Hotels in Istanbul,2114,4,,0.995,true,true,C,Weak or highly overlapping page; remove temporarily until improved.
https://dealkhaleej.com/blog/best-hotels-in-london,article,200,https://dealkhaleej.com/blog/best-hotels-in-london,indexable,Best Hotels in London | GCC Savings Guide | DealKhaleej,Best Hotels in London,2117,0,,0.993,true,true,C,Weak or highly overlapping page; remove temporarily until improved.
https://dealkhaleej.com/blog/best-hotels-in-paris,article,200,https://dealkhaleej.com/blog/best-hotels-in-paris,indexable,Best Hotels in Paris | GCC Savings Guide | DealKhaleej,Best Hotels in Paris,2114,0,,0.995,true,true,C,Weak or highly overlapping page; remove temporarily until improved.
https://dealkhaleej.com/blog/best-hotels-in-bangkok,article,200,https://dealkhaleej.com/blog/best-hotels-in-bangkok,indexable,Best Hotels in Bangkok | GCC Savings Guide | DealKhaleej,Best Hotels in Bangkok,2114,6,,0.995,true,true,C,Weak or highly overlapping page; remove temporarily until improved.
https://dealkhaleej.com/blog/best-hotels-in-singapore,article,200,https://dealkhaleej.com/blog/best-hotels-in-singapore,indexable,Best Hotels in Singapore | GCC Savings Guide | DealKhaleej,Best Hotels in Singapore,2114,0,,0.995,true,true,C,Weak or highly overlapping page; remove temporarily until improved.
https://dealkhaleej.com/blog/cheapest-flights-from-riyadh,article,200,https://dealkhaleej.com/blog/cheapest-flights-from-riyadh,indexable,Cheapest Flights from Riyadh | GCC Savings Guide | DealKhaleej,Cheapest Flights from Riyadh,2121,4,,0.997,true,true,C,Weak or highly overlapping page; remove temporarily until improved.
https://dealkhaleej.com/blog/cheapest-flights-from-jeddah,article,200,https://dealkhaleej.com/blog/cheapest-flights-from-jeddah,indexable,Cheapest Flights from Jeddah | GCC Savings Guide | DealKhaleej,Cheapest Flights from Jeddah,2121,4,,0.997,true,true,C,Weak or highly overlapping page; remove temporarily until improved.
https://dealkhaleej.com/blog/cheapest-flights-from-dammam,article,200,https://dealkhaleej.com/blog/cheapest-flights-from-dammam,indexable,Cheapest Flights from Dammam | GCC Savings Guide | DealKhaleej,Cheapest Flights from Dammam,2121,4,,0.997,true,true,C,Weak or highly overlapping page; remove temporarily until improved.
https://dealkhaleej.com/blog/riyadh-to-dubai-flight-guide,article,200,https://dealkhaleej.com/blog/riyadh-to-dubai-flight-guide,indexable,Riyadh to Dubai Flight Guide | GCC Savings Guide | DealKhaleej,Riyadh to Dubai Flight Guide,2129,0,,0.997,true,true,C,Weak or highly overlapping page; remove temporarily until improved.
https://dealkhaleej.com/blog/riyadh-to-bangkok-flight-guide,article,200,https://dealkhaleej.com/blog/riyadh-to-bangkok-flight-guide,indexable,Riyadh to Bangkok Flight Guide | GCC Savings Guide | DealKhaleej,Riyadh to Bangkok Flight Guide,2129,0,,0.997,true,true,C,Weak or highly overlapping page; remove temporarily until improved.
https://dealkhaleej.com/blog/dubai-travel-guide,article,200,https://dealkhaleej.com/blog/dubai-travel-guide,indexable,Dubai Travel Guide | GCC Savings Guide | DealKhaleej,Dubai Travel Guide,2118,0,,0.998,true,true,C,Weak or highly overlapping page; remove temporarily until improved.
https://dealkhaleej.com/blog/abu-dhabi-travel-guide,article,200,https://dealkhaleej.com/blog/abu-dhabi-travel-guide,indexable,Abu Dhabi Travel Guide | GCC Savings Guide | DealKhaleej,Abu Dhabi Travel Guide,2126,22,,0.997,true,true,C,Weak or highly overlapping page; remove temporarily until improved.
https://dealkhaleej.com/blog/saudi-arabia-travel-guide,article,200,https://dealkhaleej.com/blog/saudi-arabia-travel-guide,indexable,Saudi Arabia Travel Guide | GCC Savings Guide | DealKhaleej,Saudi Arabia Travel Guide,2123,0,,1,true,true,C,Weak or highly overlapping page; remove temporarily until improved.
https://dealkhaleej.com/blog/uae-travel-guide,article,200,https://dealkhaleej.com/blog/uae-travel-guide,indexable,UAE Travel Guide | GCC Savings Guide | DealKhaleej,UAE Travel Guide,2118,0,,0.998,true,true,C,Weak or highly overlapping page; remove temporarily until improved.
https://dealkhaleej.com/blog/qatar-travel-guide,article,200,https://dealkhaleej.com/blog/qatar-travel-guide,indexable,Qatar Travel Guide | GCC Savings Guide | DealKhaleej,Qatar Travel Guide,2112,0,,1,true,true,C,Weak or highly overlapping page; remove temporarily until improved.
https://dealkhaleej.com/blog/bahrain-travel-guide,article,200,https://dealkhaleej.com/blog/bahrain-travel-guide,indexable,Bahrain Travel Guide | GCC Savings Guide | DealKhaleej,Bahrain Travel Guide,2112,22,,1,true,true,C,Weak or highly overlapping page; remove temporarily until improved.
https://dealkhaleej.com/blog/oman-travel-guide,article,200,https://dealkhaleej.com/blog/oman-travel-guide,indexable,Oman Travel Guide | GCC Savings Guide | DealKhaleej,Oman Travel Guide,2112,0,,1,true,true,C,Weak or highly overlapping page; remove temporarily until improved.
https://dealkhaleej.com/blog/istanbul-travel-guide,article,200,https://dealkhaleej.com/blog/istanbul-travel-guide,indexable,Istanbul Travel Guide | GCC Savings Guide | DealKhaleej,Istanbul Travel Guide,2103,0,,0.993,true,true,C,Weak or highly overlapping page; remove temporarily until improved.
https://dealkhaleej.com/blog/best-family-attractions-in-dubai,article,200,https://dealkhaleej.com/blog/best-family-attractions-in-dubai,indexable,Best Family Attractions in Dubai | GCC Savings Guide | DealKhaleej,Best Family Attractions in Dubai,2138,6,,0.995,true,true,C,Weak or highly overlapping page; remove temporarily until improved.
https://dealkhaleej.com/blog/best-things-to-do-in-riyadh,article,200,https://dealkhaleej.com/blog/best-things-to-do-in-riyadh,indexable,Best Things to Do in Riyadh | GCC Savings Guide | DealKhaleej,Best Things to Do in Riyadh,2143,6,,0.993,true,true,C,Weak or highly overlapping page; remove temporarily until improved.
https://dealkhaleej.com/blog/best-things-to-do-in-abu-dhabi,article,200,https://dealkhaleej.com/blog/best-things-to-do-in-abu-dhabi,indexable,Best Things to Do in Abu Dhabi | GCC Savings Guide | DealKhaleej,Best Things to Do in Abu Dhabi,2154,6,,0.995,true,true,C,Weak or highly overlapping page; remove temporarily until improved.
https://dealkhaleej.com/blog/airport-transfers-in-saudi-arabia,article,200,https://dealkhaleej.com/blog/airport-transfers-in-saudi-arabia,indexable,Airport Transfers in Saudi Arabia | GCC Savings Guide | DealKhaleej,Airport Transfers in Saudi Arabia,2127,2,,0.993,true,true,C,Weak or highly overlapping page; remove temporarily until improved.
https://dealkhaleej.com/blog/airalo-esim-review,article,200,https://dealkhaleej.com/blog/airalo-esim-review,indexable,Airalo eSIM Review | GCC Savings Guide | DealKhaleej,Airalo eSIM Review,2108,24,,0.997,true,true,C,Weak or highly overlapping page; remove temporarily until improved.
https://dealkhaleej.com/blog/best-esims-for-gcc-travelers,article,200,https://dealkhaleej.com/blog/best-esims-for-gcc-travelers,indexable,Best eSIMs for GCC Travelers | GCC Savings Guide | DealKhaleej,Best eSIMs for GCC Travelers,2124,18,,0.997,true,true,C,Weak or highly overlapping page; remove temporarily until improved.
https://dealkhaleej.com/blog/travel-booking-tips-for-gcc-travelers,article,200,https://dealkhaleej.com/blog/travel-booking-tips-for-gcc-travelers,indexable,Travel Booking Tips for GCC Travelers | GCC Savings Guide | DealKhaleej,Travel Booking Tips for GCC Travelers,2135,2,,0.998,true,true,C,Weak or highly overlapping page; remove temporarily until improved.
https://dealkhaleej.com/blog/noon-shopping-guide-gcc-shoppers,article,200,https://dealkhaleej.com/blog/noon-shopping-guide-gcc-shoppers,indexable,Noon Shopping Guide for GCC Shoppers | GCC Savings Guide | DealKhaleej,Noon Shopping Guide for GCC Shoppers,2123,2,,1,true,true,C,Weak or highly overlapping page; remove temporarily until improved.
https://dealkhaleej.com/blog/mumzworld-shopping-guide-gcc-shoppers,article,200,https://dealkhaleej.com/blog/mumzworld-shopping-guide-gcc-shoppers,indexable,Mumzworld Shopping Guide for GCC Shoppers | GCC Savings Guide | DealKhaleej,Mumzworld Shopping Guide for GCC Shoppers,2124,6,,1,true,true,C,Weak or highly overlapping page; remove temporarily until improved.
https://dealkhaleej.com/blog/ubuy-shopping-guide-gcc-shoppers,article,200,https://dealkhaleej.com/blog/ubuy-shopping-guide-gcc-shoppers,indexable,UBUY Shopping Guide for GCC Shoppers | GCC Savings Guide | DealKhaleej,UBUY Shopping Guide for GCC Shoppers,2123,2,,1,true,true,C,Weak or highly overlapping page; remove temporarily until improved.
https://dealkhaleej.com/blog/puma-shopping-guide-gcc-shoppers,article,200,https://dealkhaleej.com/blog/puma-shopping-guide-gcc-shoppers,indexable,PUMA Shopping Guide for GCC Shoppers | GCC Savings Guide | DealKhaleej,PUMA Shopping Guide for GCC Shoppers,2126,2,,1,true,true,C,Weak or highly overlapping page; remove temporarily until improved.
https://dealkhaleej.com/blog/mamas-and-papas-shopping-guide-gcc-shoppers,article,200,https://dealkhaleej.com/blog/mamas-and-papas-shopping-guide-gcc-shoppers,indexable,Mamas &amp; Papas Shopping Guide for GCC Shoppers | DealKhaleej,Mamas &amp; Papas Shopping Guide for GCC Shoppers,2137,4,,1,true,true,C,Weak or highly overlapping page; remove temporarily until improved.
https://dealkhaleej.com/blog/the-entertainer-shopping-guide-gcc-shoppers,article,200,https://dealkhaleej.com/blog/the-entertainer-shopping-guide-gcc-shoppers,indexable,The Entertainer Shopping Guide for GCC Shoppers | DealKhaleej,The Entertainer Shopping Guide for GCC Shoppers,2130,2,,0.996,true,true,C,Weak or highly overlapping page; remove temporarily until improved.
https://dealkhaleej.com/blog/fashion-sa-shopping-guide-gcc-shoppers,article,200,https://dealkhaleej.com/blog/fashion-sa-shopping-guide-gcc-shoppers,indexable,Fashion.sa Shopping Guide for GCC Shoppers | GCC Savings Guide | DealKhaleej,Fashion.sa Shopping Guide for GCC Shoppers,2134,2,,1,true,true,C,Weak or highly overlapping page; remove temporarily until improved.
https://dealkhaleej.com/blog/yola-shopping-guide-gcc-shoppers,article,200,https://dealkhaleej.com/blog/yola-shopping-guide-gcc-shoppers,indexable,Yola Shopping Guide for GCC Shoppers | GCC Savings Guide | DealKhaleej,Yola Shopping Guide for GCC Shoppers,2124,2,,0.995,true,true,C,Weak or highly overlapping page; remove temporarily until improved.
https://dealkhaleej.com/blog/delicut-shopping-guide-gcc-shoppers,article,200,https://dealkhaleej.com/blog/delicut-shopping-guide-gcc-shoppers,indexable,Delicut Shopping Guide for GCC Shoppers | GCC Savings Guide | DealKhaleej,Delicut Shopping Guide for GCC Shoppers,2132,6,,0.969,true,true,C,Weak or highly overlapping page; remove temporarily until improved.
https://dealkhaleej.com/blog/muji-shopping-guide-gcc-shoppers,article,200,https://dealkhaleej.com/blog/muji-shopping-guide-gcc-shoppers,indexable,Muji Shopping Guide for GCC Shoppers | GCC Savings Guide | DealKhaleej,Muji Shopping Guide for GCC Shoppers,2123,8,,1,true,true,C,Weak or highly overlapping page; remove temporarily until improved.
https://dealkhaleej.com/blog/spring-feeling-shopping-guide-gcc-shoppers,article,200,https://dealkhaleej.com/blog/spring-feeling-shopping-guide-gcc-shoppers,indexable,Spring Feeling Shopping Guide for GCC Shoppers | DealKhaleej,Spring Feeling Shopping Guide for GCC Shoppers,2128,8,,1,true,true,C,Weak or highly overlapping page; remove temporarily until improved.
https://dealkhaleej.com/blog/metro-brazil-shopping-guide-gcc-shoppers,article,200,https://dealkhaleej.com/blog/metro-brazil-shopping-guide-gcc-shoppers,indexable,Metro Brazil Shopping Guide for GCC Shoppers | DealKhaleej,Metro Brazil Shopping Guide for GCC Shoppers,2131,2,,1,true,true,C,Weak or highly overlapping page; remove temporarily until improved.
https://dealkhaleej.com/blog/renty-shopping-guide-gcc-shoppers,article,200,https://dealkhaleej.com/blog/renty-shopping-guide-gcc-shoppers,indexable,Renty Shopping Guide for GCC Shoppers | GCC Savings Guide | DealKhaleej,Renty Shopping Guide for GCC Shoppers,2129,2,,0.996,true,true,C,Weak or highly overlapping page; remove temporarily until improved.
https://dealkhaleej.com/blog/yallamomz-shopping-guide-gcc-shoppers,article,200,https://dealkhaleej.com/blog/yallamomz-shopping-guide-gcc-shoppers,indexable,Yallamomz Shopping Guide for GCC Shoppers | GCC Savings Guide | DealKhaleej,Yallamomz Shopping Guide for GCC Shoppers,2124,2,,1,true,true,C,Weak or highly overlapping page; remove temporarily until improved.
https://dealkhaleej.com/blog/bloomingdales-shopping-guide-gcc-shoppers,article,200,https://dealkhaleej.com/blog/bloomingdales-shopping-guide-gcc-shoppers,indexable,Bloomingdales Shopping Guide for GCC Shoppers | DealKhaleej,Bloomingdales Shopping Guide for GCC Shoppers,2128,6,,0.998,true,true,C,Weak or highly overlapping page; remove temporarily until improved.
https://dealkhaleej.com/blog/airalo-shopping-guide-gcc-shoppers,article,200,https://dealkhaleej.com/blog/airalo-shopping-guide-gcc-shoppers,indexable,Airalo Shopping Guide for GCC Shoppers | GCC Savings Guide | DealKhaleej,Airalo Shopping Guide for GCC Shoppers,2131,8,,0.997,true,true,C,Weak or highly overlapping page; remove temporarily until improved.
https://dealkhaleej.com/blog/agoda-shopping-guide-gcc-shoppers,article,200,https://dealkhaleej.com/blog/agoda-shopping-guide-gcc-shoppers,indexable,Agoda Shopping Guide for GCC Shoppers | GCC Savings Guide | DealKhaleej,Agoda Shopping Guide for GCC Shoppers,2133,8,,0.996,true,true,C,Weak or highly overlapping page; remove temporarily until improved.
https://dealkhaleej.com/blog/trip-com-shopping-guide-gcc-shoppers,article,200,https://dealkhaleej.com/blog/trip-com-shopping-guide-gcc-shoppers,indexable,Trip.com Shopping Guide for GCC Shoppers | GCC Savings Guide | DealKhaleej,Trip.com Shopping Guide for GCC Shoppers,2141,0,,0.997,true,true,C,Weak or highly overlapping page; remove temporarily until improved.
https://dealkhaleej.com/blog/al-matar-shopping-guide-gcc-shoppers,article,200,https://dealkhaleej.com/blog/al-matar-shopping-guide-gcc-shoppers,indexable,Al Matar Shopping Guide for GCC Shoppers | GCC Savings Guide | DealKhaleej,Al Matar Shopping Guide for GCC Shoppers,2133,6,,0.996,true,true,C,Weak or highly overlapping page; remove temporarily until improved.
https://dealkhaleej.com/blog/temu-shopping-guide-gcc-shoppers,article,200,https://dealkhaleej.com/blog/temu-shopping-guide-gcc-shoppers,indexable,Temu Shopping Guide for GCC Shoppers | GCC Savings Guide | DealKhaleej,Temu Shopping Guide for GCC Shoppers,2123,2,,0.996,true,true,C,Weak or highly overlapping page; remove temporarily until improved.
https://dealkhaleej.com/blog/noon-vs-amazon-uae,article,200,https://dealkhaleej.com/blog/noon-vs-amazon-uae,indexable,Noon vs Amazon UAE | GCC Savings Guide | DealKhaleej,Noon vs Amazon UAE,2113,2,,1,true,true,C,Weak or highly overlapping page; remove temporarily until improved.
https://dealkhaleej.com/blog/agoda-vs-trip-com,article,200,https://dealkhaleej.com/blog/agoda-vs-trip-com,indexable,Agoda vs Trip.com | GCC Savings Guide | DealKhaleej,Agoda vs Trip.com,2120,10,,0.995,true,true,C,Weak or highly overlapping page; remove temporarily until improved.
https://dealkhaleej.com/blog/ubuy-vs-noon,article,200,https://dealkhaleej.com/blog/ubuy-vs-noon,indexable,UBUY vs Noon | GCC Savings Guide | DealKhaleej,UBUY vs Noon,2098,2,,1,true,true,C,Weak or highly overlapping page; remove temporarily until improved.
https://dealkhaleej.com/blog/mumzworld-vs-mamas-and-papas,article,200,https://dealkhaleej.com/blog/mumzworld-vs-mamas-and-papas,indexable,Mumzworld vs Mamas &amp; Papas | GCC Savings Guide | DealKhaleej,Mumzworld vs Mamas &amp; Papas,2115,4,,1,true,true,C,Weak or highly overlapping page; remove temporarily until improved.
https://dealkhaleej.com/blog/airalo-vs-traditional-sim-cards,article,200,https://dealkhaleej.com/blog/airalo-vs-traditional-sim-cards,indexable,Airalo vs Traditional SIM Cards | GCC Savings Guide | DealKhaleej,Airalo vs Traditional SIM Cards,2122,8,,0.995,true,true,C,Weak or highly overlapping page; remove temporarily until improved.
https://dealkhaleej.com/blog/best-flight-booking-websites,article,200,https://dealkhaleej.com/blog/best-flight-booking-websites,indexable,Best Flight Booking Websites | GCC Savings Guide | DealKhaleej,Best Flight Booking Websites,2116,0,,0.991,true,true,C,Weak or highly overlapping page; remove temporarily until improved.
https://dealkhaleej.com/blog/best-hotel-booking-websites,article,200,https://dealkhaleej.com/blog/best-hotel-booking-websites,indexable,Best Hotel Booking Websites | GCC Savings Guide | DealKhaleej,Best Hotel Booking Websites,2121,2,,0.995,true,true,C,Weak or highly overlapping page; remove temporarily until improved.
https://dealkhaleej.com/blog/best-travel-apps,article,200,https://dealkhaleej.com/blog/best-travel-apps,indexable,Best Travel Apps | GCC Savings Guide | DealKhaleej,Best Travel Apps,2110,4,,1,true,true,C,Weak or highly overlapping page; remove temporarily until improved.
https://dealkhaleej.com/blog/best-coupon-websites-in-gcc-gcc-guide-2,article,200,https://dealkhaleej.com/blog/best-coupon-websites-in-gcc-gcc-guide-2,indexable,Best Coupon Websites in GCC | GCC Savings Guide | DealKhaleej,Best Coupon Websites in GCC,2114,0,,1,true,true,C,Weak or highly overlapping page; remove temporarily until improved.
https://dealkhaleej.com/blog/best-shopping-apps-in-gcc,article,200,https://dealkhaleej.com/blog/best-shopping-apps-in-gcc,indexable,Best Shopping Apps in GCC | GCC Savings Guide | DealKhaleej,Best Shopping Apps in GCC,2114,0,,1,true,true,C,Weak or highly overlapping page; remove temporarily until improved.
https://dealkhaleej.com/blog/online-vs-in-store-shopping,article,200,https://dealkhaleej.com/blog/online-vs-in-store-shopping,indexable,Online vs In-store Shopping | GCC Savings Guide | DealKhaleej,Online vs In-store Shopping,2106,0,,1,true,true,C,Weak or highly overlapping page; remove temporarily until improved.
https://dealkhaleej.com/blog/best-fashion-apps,article,200,https://dealkhaleej.com/blog/best-fashion-apps,indexable,Best Fashion Apps | GCC Savings Guide | DealKhaleej,Best Fashion Apps,2101,10,,1,true,true,C,Weak or highly overlapping page; remove temporarily until improved.
https://dealkhaleej.com/blog/best-electronics-stores-comparison,article,200,https://dealkhaleej.com/blog/best-electronics-stores-comparison,indexable,Best Electronics Stores Comparison | GCC Savings Guide | DealKhaleej,Best Electronics Stores Comparison,2118,20,,1,true,true,C,Weak or highly overlapping page; remove temporarily until improved.
https://dealkhaleej.com/blog/best-travel-insurance-options,article,200,https://dealkhaleej.com/blog/best-travel-insurance-options,indexable,Best Travel Insurance Options | GCC Savings Guide | DealKhaleej,Best Travel Insurance Options,2118,0,,0.998,true,true,C,Weak or highly overlapping page; remove temporarily until improved.
https://dealkhaleej.com/blog/best-airport-transfer-services,article,200,https://dealkhaleej.com/blog/best-airport-transfer-services,indexable,Best Airport Transfer Services | GCC Savings Guide | DealKhaleej,Best Airport Transfer Services,2114,2,,0.993,true,true,C,Weak or highly overlapping page; remove temporarily until improved.
